{
  "HandEye_config": {
    "foldername": "eth_photos",
    "CHARUCO_SQUARES": [
      4,
      5
    ],
    "CHARUCO_SQUARE_SIZE": 0.045,
    "CHARUCO_MARKER_SIZE": 0.033,
    "REPROJ_FILTER_THRESH": 0.6,
    "Cam2Base": [
      [
        -0.9974121019940694,
        0.02949369085821464,
        0.06556844511906709,
        -0.13541573304253096
      ],
      [
        -0.06946835880436018,
        -0.1603366853166508,
        -0.9846147949663858,
        -0.09416779227052353
      ],
      [
        -0.018526897225405035,
        -0.9866216445736579,
        0.1619706286274456,
        0.08320293967158572
      ],
      [
        0.0,
        0.0,
        0.0,
        1.0
      ]
    ]
  },
  "Transforms_config": {
    "CHARUCO_SQUARES": [
      7,
      3
    ],
    "CHARUCO_SQUARE_SIZE": 0.035,
    "CHARUCO_MARKER_SIZE": 0.026
  },
  "General_config": {
    "resolution": [
      1920,
      1080
    ],
    "cam_params": [
      1492.89913,
      1505.46828,
      980.42719,
      525.11642
    ],
    "dist_coeffs": [
      -0.07527869007186239,
      -0.1914234841011349,
      -0.0025655070074826446,
      0.0022536932683886765,
      0.43192315787000746
    ],
    "cam_index": 0,
    "ROBOT_IP": "192.168.0.3",
    "fps": 30,
    "streaming_fps": 25
  },
  "CamerasCalib_config": {
    "foldername": "CamParams_photos"
  },
  "Buttons_offsets": {
    "Volume": [
      0.029654866246178645,
      0.2130749677122778,
      -0.1723580850893207,
      0.0746334022921468,
      0.33844434871028517,
      -3.118215139176585
    ],
    "Settings": [
      0.05745504576686504,
      0.2298084567684754,
      -0.16200560312072387,
      0.08956645368543971,
      0.30230016156279454,
      -3.107755726724643
    ],
    "Previous": [
      0.08226218069021651,
      0.22466532528709782,
      -0.1545617921521193,
      0.12497286878881723,
      0.3221557842150324,
      -3.1066988411075784
    ],
    "PlayPause": [
      0.11104506333490743,
      0.2240179473362166,
      -0.15298146099145915,
      0.08044139317229515,
      0.36841464856284645,
      -3.1122023766642517
    ],
    "Next": [
      0.13637272776131643,
      0.2236878690918102,
      -0.14909406667704483,
      0.11023655778529722,
      0.3786740354579282,
      -3.1127415295221037
    ],
    "Clear": [
      0.16450258652179967,
      0.2212864282182141,
      -0.15014262213458318,
      0.10688288621664539,
      0.39252638359438435,
      -3.113881857413627
    ],
    "Tune": [
      0.19303523578546875,
      0.20804647524917524,
      -0.1566080393678727,
      0.09680226492303891,
      0.3696057807982088,
      -3.102251749589134
    ]
  },
  "Verification_config": {
    "tol_xyz_mm": [
      5.0,
      5.0,
      5.0
    ]
  }
}
